"0","#Load Packages "
"0","require(plyr)"
"2","Loading required package: plyr
"
"0","require(dplyr)"
"2","Loading required package: dplyr
"
"2","
Attaching package: ‘dplyr’

"
"2","The following objects are masked from ‘package:plyr’:

    arrange, count, desc, failwith, id, mutate, rename, summarise, summarize

"
"2","The following objects are masked from ‘package:stats’:

    filter, lag

"
"2","The following objects are masked from ‘package:base’:

    intersect, setdiff, setequal, union

"
"0","require(ggpubr)"
"2","Loading required package: ggpubr
"
"2","package ‘ggpubr’ was built under R version 4.0.5"
"2","Loading required package: ggplot2
"
"2","Registered S3 method overwritten by 'data.table':
  method           from
  print.data.table     
"
"2","
Attaching package: ‘ggpubr’

"
"2","The following object is masked from ‘package:plyr’:

    mutate

"
"0","require(reshape2)"
"2","Loading required package: reshape2
"
"2","package ‘reshape2’ was built under R version 4.0.4"
"0","require(readxl)"
"2","Loading required package: readxl
"
